<?xml version="1.0" encoding="UTF-8"?>
<beans xmlns="http://www.springframework.org/schema/beans"
    xmlns:xsi="http://www.w3.org/2001/XMLSchema-instance"
    xsi:schemaLocation="http://www.springframework.org/schema/beans
        http://www.springframework.org/schema/beans/spring-beans.xsd">
        
<bean id="person1" class="myPackage.Tester">
	<property name="id" value="201133192"/>
    <property name="name" value="Park jeong ho"/>
    <property name="cars">
    	<list>
    		<ref bean="car1"/>
    		<ref bean="car2"/>	 	
    	</list>
    </property>
</bean>

<bean id="person2" class="myPackage.Tester">
	<constructor-arg value="0999999999"/>
	<constructor-arg value="Temp Park Jeong Ho"/>
	<constructor-arg>
		<list>
			<ref bean="car1"/>
			<ref bean="car2"/>
		</list>
	</constructor-arg>
</bean>

<bean id="car1" class="myPackage.CarFactory"
    factory-method="makeCar">
    <constructor-arg value="SONATA" index="0" type="java.lang.String"/>
    <constructor-arg value="12" index="1" type="int"/>
    <constructor-arg value="KIA" index="2" type="java.lang.String"/>
</bean>

<bean id="car2" class="myPackage.CarFactory"
    factory-method="makeCar">
    <constructor-arg value="SPARK" index="0" type="java.lang.String"/>
    <constructor-arg value="12" index="1" type="int"/>
</bean>
</beans>
