<?xml version="1.0" encoding="UTF-8"?>
<beans xmlns="http://www.springframework.org/schema/beans"
	xmlns:xsi="http://www.w3.org/2001/XMLSchema-instance"
	xsi:schemaLocation="http://www.springframework.org/schema/beans
        http://www.springframework.org/schema/beans/spring-beans.xsd">
	<!-- Your entries come here -->


	<bean id="customerLookupService" class="Service.CustomerLookup">
		<property name="customers">
			<map>
				<entry key="a1234">
					<bean class="Model.Customer">
						<property name="id" value="a1234" />
						<property name="firstName" value="Rod Johnson" />
						<property name="lastName" value="Kim" />
								<property name="balance" value="123.45" />
						<property name="balanceNoSign" value="40" />
				
					</bean>
				</entry>
				<entry key="a1235">
					<bean class="Model.Customer">
						<property name="id" value="a1235" />
						<property name="firstName" value="Gary Mak" />
						
						<property name="lastName" value="Kim" />
						<property name="balance" value="4567.89" />
						<property name="balanceNoSign" value="30" />
						
					</bean>
				</entry>
				<entry key="a1236">
					<bean class="Model.Customer">
						<property name="id" value="a1236" />
						<property name="firstName" value="Craig Walls" />
						
						<property name="lastName" value="Kim" />
						<property name="balance" value="78901.23" />
						<property name="balanceNoSign" value="0" />
						
					</bean>
				</entry>
				<entry key="a1237">
					<bean class="Model.Customer">
						<property name="id" value="a1237" />
						<property name="firstName" value="Kyong Park" />
						
						
						<property name="lastName" value="Kim" />
						<property name="balance" value="-3024.0" />
						<property name="balanceNoSign" value="0" />
						
					</bean>
				</entry>
			</map>
		</property>
	</bean>



</beans>
