<?xml version="1.0" encoding="UTF-8"?>
<beans xmlns="http://www.springframework.org/schema/beans"
    xmlns:xsi="http://www.w3.org/2001/XMLSchema-instance"
    xsi:schemaLocation="http://www.springframework.org/schema/beans
        http://www.springframework.org/schema/beans/spring-beans.xsd">


<bean id="car1" class="myCar.RCar">
    <property name="model" value="RangeOver"/>
    <property name="year" value="2010"/>
    <property name="maker" value="Imported"/>
</bean>
<bean id="car2" class="myCar.CarFactory" factory-method = "findCar">
    <constructor-arg value="sportage"/>
    <constructor-arg value="2011"/>
</bean>
<bean id="car3" class="myCar.CarFactory" factory-method = "findCar">
    <constructor-arg value="K5"/>
    <constructor-arg value="2011"/>
    <constructor-arg value="Hyeondai"/>
</bean>

</beans>