<?xml version="1.0" encoding="UTF-8"?><?xml-stylesheet type='text/xsl' href='_UpgradeReport_Files/UpgradeReport.xslt'?><UpgradeLog>
<Properties><Property Name="Solution" Value="Mfcgl">
</Property><Property Name="솔루션 파일" Value="C:\Users\Administrator\Desktop\3Dopengl로 만든 공피하기 게임\BALLpass\Mfcgl.sln">
</Property><Property Name="사용자 옵션 파일" Value="C:\Users\Administrator\Desktop\3Dopengl로 만든 공피하기 게임\BALLpass\Mfcgl.suo">
</Property><Property Name="Date" Value="2015년 5월 14일 목요일">
</Property><Property Name="Time" Value="오후 19:09">
</Property></Properties><Event ErrorLevel="0" Project="" Source="Mfcgl.sln" Description="파일을 C:\Users\Administrator\Desktop\3Dopengl로 만든 공피하기 게임\BALLpass\Mfcgl.sln.old(으)로 백업했습니다.">
</Event><Event ErrorLevel="0" Project="" Source="Mfcgl.suo" Description="파일을 C:\Users\Administrator\Desktop\3Dopengl로 만든 공피하기 게임\BALLpass\Mfcgl.suo.old(으)로 백업했습니다.">
</Event><Event ErrorLevel="0" Project="Mfcgl" Source="Mfcgl.vcproj" Description="Converting project file 'C:\Users\Administrator\Desktop\3Dopengl로 만든 공피하기 게임\BALLpass\Mfcgl.vcproj'.">
</Event><Event ErrorLevel="1" Project="Mfcgl" Source="Mfcgl.vcproj" Description="VCWebServiceProxyGeneratorTool is no longer supported. The tool has been removed from your project settings.">
</Event><Event ErrorLevel="1" Project="Mfcgl" Source="Mfcgl.vcproj" Description="MSB8012: $(TargetPath) ('C:\Users\Administrator\Desktop\3Dopengl로 만든 공피하기 게임\BALLpass\.\Debug\Mfcgl.exe') does not match the Linker's OutputFile property value '.\Debug/Mfcgl.exe' ('C:\Users\Administrator\Desktop\3Dopengl로 만든 공피하기 게임\BALLpass\Debug/Mfcgl.exe') in project configuration 'Debug|Win32'. This may cause your project to build incorrectly. To correct this, please make sure that $(TargetPath) property value matches the value specified in %(Link.OutputFile).">
</Event><Event ErrorLevel="1" Project="Mfcgl" Source="Mfcgl.vcproj" Description="MSB8012: $(TargetPath) ('C:\Users\Administrator\Desktop\3Dopengl로 만든 공피하기 게임\BALLpass\.\Release\Mfcgl.exe') does not match the Linker's OutputFile property value '.\Release/Mfcgl.exe' ('C:\Users\Administrator\Desktop\3Dopengl로 만든 공피하기 게임\BALLpass\Release/Mfcgl.exe') in project configuration 'Release|Win32'. This may cause your project to build incorrectly. To correct this, please make sure that $(TargetPath) property value matches the value specified in %(Link.OutputFile).">
</Event><Event ErrorLevel="0" Project="Mfcgl" Source="Mfcgl.vcproj" Description="Done converting to new project file 'C:\Users\Administrator\Desktop\3Dopengl로 만든 공피하기 게임\BALLpass\Mfcgl.vcxproj'.">
</Event><Event ErrorLevel="3" Project="Mfcgl" Source="Mfcgl.vcproj" Description="Converted">
</Event><Event ErrorLevel="0" Project="" Source="Mfcgl.sln" Description="솔루션을 변환했습니다.">
</Event><Event ErrorLevel="3" Project="" Source="Mfcgl.sln" Description="Converted">
</Event></UpgradeLog>