<?xml version="1.0" encoding="UTF-8"?>
<!DOCTYPE BOARD SYSTEM "1. bulletin.dtd">
<BOARD>
    <name> COMEDY </name>
    <article> 
        <title> Jeong </title>
        <message> Hi </message>
        <writerID> ghaao </writerID>
        <writerNAME> Jeong Yu Seok</writerNAME>
        <replies> 
            <Rmessage> Hello </Rmessage>
            <RwriterID> Ji </RwriterID>
            <RwriterNAME> JiJungGen </RwriterNAME>
        </replies>
    </article>

    <article>
        <title> Ju </title>
        <message> Hello </message>
        <writerID> HwanSeok </writerID>
        <writerNAME> JuHwanSeok </writerNAME>
    </article>
</BOARD>