<?xml version="1.0" encoding="UTF-8"?>
<!DOCTYPE BOARD SYSTEM "2.1makeDTDex1.dtd">
<shiporder orderid="11">
    <orderperson>John Smith</orderperson>
    <shipto>
        <name>123dd</name>
        <address>23dd</address>
        <city>4000 1dd</city>
        <country>1dd</country>
    </shipto>
    <item>
        <title>Empire Burlesque</title>
        <note>Special Edition</note>
        <quantity>1</quantity>
        <price>10.90</price>
    </item>
    <item>
        <title>Hide your heart</title>
        <quantity>1</quantity>
        <price>9.90</price>
    </item>
</shiporder>
