<?xml version="1.0" encoding="UTF-8"?>

<BOARD xmlns="http://www.w3schools.com" 
xmlns:xsi="http://www.w3.org/2001/XMLSchema-instance" 
xsi:schemaLocation="http://www.w3schools.com 2.2bulletin.xsd">
    <name> COMEDY </name>
    <article> 
        <title> Jeong </title>
        <message> Hi </message>
        <writerID> ghaao </writerID>
        <writerNAME> Jeong Yu Seok</writerNAME>
        <replies> 
            <Rmessage> Hello </Rmessage>
            <RwriterID> Ji </RwriterID>
            <RwriterNAME> JiJungGen </RwriterNAME>
        </replies>
    </article>

    <article>
        <title> Ju </title>
        <message> Hello </message>
        <writerID> HwanSeok </writerID>
        <writerNAME> JuHwanSeok </writerNAME>
    </article>
</BOARD>