<?xml version="1.0" encoding="UTF-8"?>

<TVSCHEDULE NAME="JeongYuSeok" xmlns="http://www.w3schools.com"
    xmlns:xsi="http://www.w3.org/2001/XMLSchema-instance"
    xsi:schemaLocation="http://www.w3schools.com tvschedule.xsd">
    <CHANNEL CHAN="12">
        <BANNER>123</BANNER>
        <DAY>
            <DATE>920416</DATE>
            <PROGRAMSLOT>
                <TIME>92029</TIME>
                <TITLE RATING = "Good" LANGUAGE = "Korean">ㅁㅁㅁ</TITLE>
                
                <DESCRIPTION>aaa</DESCRIPTION>
            </PROGRAMSLOT>
        </DAY>

    </CHANNEL>

</TVSCHEDULE>