<?xml version="1.0" encoding="UTF-8"?>
<beans xmlns="http://www.springframework.org/schema/beans"
    xmlns:xsi="http://www.w3.org/2001/XMLSchema-instance"
    xsi:schemaLocation="http://www.springframework.org/schema/beans
        http://www.springframework.org/schema/beans/spring-beans.xsd">


<bean id="person1" class="mySpring.REmployee">
    <property name="name" value="aaa"/>
    <property name="ID" value="LEE"/>
</bean>
<bean id="person2" class="mySpring.REmployee">
    <constructor-arg value="aaa"/>
    <constructor-arg value="PARK"/>
</bean>
<bean id="person3" class="mySpring.REmployee">
    <constructor-arg value="aaa"/>
    <constructor-arg value="JEONG"/>
</bean>

</beans>